25227238-5,Consuelo,Senger,Moen,17,deanne.little@yahoo.com,Hanh
27206270-3,Willa,Lakin,Stamm,37,elma.torphy@gmail.com,Talisha
31923531-8,Melodee,Schneider,Hettinger,8,morton.leffler@gmail.com,Leanna
30147736-6,Librada,Cummings,Schamberger,52,theo.koepp@hotmail.com,Sudie
31857191-1,Carolina,O'Reilly,Kertzmann,39,thao.christiansen@yahoo.com,Jacklyn
25502751-8,Jackqueline,Labadie,Lubowitz,41,clemencia.west@yahoo.com,Rudolf
31121819-3,Kareem,Hamill,Wiza,64,pat.thiel@hotmail.com,Robbin
28976320-2,Forrest,Macejkovic,Parker,49,concetta.pouros@hotmail.com,Samuel
33524351-7,Jena,Wiegand,Roob,55,marcos.braun@hotmail.com,Christopher
190622495,Guillermo,Gonzalez,Silva,27,guillermo.95.gs@gmail.com,Fonasa
30626846-8,Merlin,Williamson,Tremblay,8,leora.maggio@yahoo.com,Hugo
34289677-6,Libbie,Lowe,Wisozk,63,cordie.parisian@yahoo.com,Maia
25614860-8,Gaylord,Bahringer,Dare,48,chere.franecki@yahoo.com,Ricardo
28276824-3,Toby,Jones,Harber,34,adrian.gleichner@gmail.com,Nestor
25184462-1,Shanti,Mante,O'Reilly,22,ricki.bosco@yahoo.com,Delila
28104742-8,Ivan,Larkin,Herzog,10,tamera.parker@gmail.com,Bryce
29867066-2,Nona,Mertz,West,55,arlette.murphy@gmail.com,Dee
32452227-8,Mikel,Wuckert,Hermiston,47,darrell.runte@yahoo.com,Hong
28079089-2,Micha,Kihn,Deckow,14,luciana.klein@hotmail.com,Jin
